
INSERT INTO STAFF (STAFFNAME, EMAIL, OFFICENO, HOURS, PHONENO)
  VALUES ('Dave Voorhis','d.voorhis@derby.ac.uk','B208','Thu 13 - 17','1410');
INSERT INTO STAFF (STAFFNAME, EMAIL, OFFICENO, HOURS, PHONENO)
  VALUES ('Chris Windmill','c.windmill@derby.ac.uk','E516','Fri 12 - 16','9216');
INSERT INTO STAFF (STAFFNAME, EMAIL, OFFICENO, HOURS, PHONENO)
  VALUES ('Amanda Whitbrook','a.whitbrook@derby.ac.uk','E516','Tue 13 - 17','9989');
INSERT INTO STAFF (STAFFNAME, EMAIL, OFFICENO, HOURS, PHONENO)
  VALUES ('Wayne Rippin','w.rippin@derby.ac.uk','B208','Thu 9 - 12','8989');
INSERT INTO STAFF (STAFFNAME, EMAIL, OFFICENO)
  VALUES ('Nige','n.jones@derby.ac.uk','N404');
INSERT INTO STAFF (STAFFNAME, EMAIL)
  VALUES ('Casey','c.zog@derby.ac.uk');
INSERT INTO STAFF (STAFFNAME, OFFICENO)
  VALUES ('Jack', 'N210');
INSERT INTO STAFF (STAFFNAME, OFFICENO)
  VALUES ('Farhan', 'E512');
INSERT INTO STAFF (STAFFNAME, EMAIL)
  VALUES ('Andy','a.zhang@derby.ac.uk');
  
INSERT INTO MODULES (MODULECODE, MODULETITLE, MODULELEADERID)
  VALUES ('5CC507', 'Databases', '1');
INSERT INTO MODULES (MODULECODE, MODULETITLE, MODULELEADERID)
  VALUES ('5CC518', 'Team Project', '1');
INSERT INTO MODULES (MODULECODE, MODULETITLE, MODULELEADERID)
  VALUES ('5CC516', 'Software Engineering', '2');
INSERT INTO MODULES (MODULECODE, MODULETITLE, MODULELEADERID)
  VALUES ('4CC510', 'Programming I', '3');
INSERT INTO MODULES (MODULECODE, MODULETITLE, MODULELEADERID)
  VALUES ('4CC511', 'Programming II', '4');
  
INSERT INTO TUTORS (STAFFID, MODULECODE)
  VALUES ('1', '4CC511');
INSERT INTO TUTORS (STAFFID, MODULECODE)
  VALUES ('5', '5CC507');
INSERT INTO TUTORS (STAFFID, MODULECODE)
  VALUES ('6', '5CC518');
INSERT INTO TUTORS (STAFFID, MODULECODE)
  VALUES ('7', '5CC516');
INSERT INTO TUTORS (STAFFID, MODULECODE)
  VALUES ('8', '5CC507');
INSERT INTO TUTORS (STAFFID, MODULECODE)
  VALUES ('8', '5CC518');
INSERT INTO TUTORS (STAFFID, MODULECODE)
  VALUES ('9', '4CC511');
  
INSERT INTO SESSIONTYPES (SESSIONTYPE, DESCRIPTION)
  VALUES ('1', 'Lecture');
INSERT INTO SESSIONTYPES (SESSIONTYPE, DESCRIPTION)
  VALUES ('2', 'Tutorial');
  
/*Insert Databases Lecture then tutorials*/
INSERT INTO SESSIONS (SESSIONTYPE, MODULECODE, SESSIONDAY,
					SESSIONTIME, ROOM, DURATION)
  VALUES ('1', '5CC507', 'Tue', '18:00:00', 'B301', '60');
INSERT INTO SESSIONS (SESSIONTYPE, MODULECODE, SESSIONDAY,
					SESSIONTIME, ROOM, DURATION)
  VALUES ('2', '5CC507', 'Mon', '09:00:00', 'B204', '60');
INSERT INTO SESSIONS (SESSIONTYPE, MODULECODE, SESSIONDAY,
					SESSIONTIME, ROOM, DURATION)
  VALUES ('2', '5CC507', 'Mon', '11:00:00', 'B204', '60');
INSERT INTO SESSIONS (SESSIONTYPE, MODULECODE, SESSIONDAY,
					SESSIONTIME, ROOM, DURATION)
  VALUES ('2', '5CC507', 'Mon', '13:00:00', 'B203', '60');
INSERT INTO SESSIONS (SESSIONTYPE, MODULECODE, SESSIONDAY,
					SESSIONTIME, ROOM, DURATION)
  VALUES ('2', '5CC507', 'Tue', '10:00:00', 'B204a', '60');
INSERT INTO SESSIONS (SESSIONTYPE, MODULECODE, SESSIONDAY,
					SESSIONTIME, ROOM, DURATION)
  VALUES ('2', '5CC507', 'Tue', '11:00:00', 'B205', '60');
INSERT INTO SESSIONS (SESSIONTYPE, MODULECODE, SESSIONDAY,
					SESSIONTIME, ROOM, DURATION)
  VALUES ('2', '5CC507', 'Thu', '13:00:00', 'B212', '60');
  
 /*Insert Team Project Lecture and tutorials*/
INSERT INTO SESSIONS (SESSIONTYPE, MODULECODE, SESSIONDAY,
					SESSIONTIME, ROOM, DURATION)
  VALUES ('1', '5CC518', 'Mon', '13:00:00', 'T204', '60');
INSERT INTO SESSIONS (SESSIONTYPE, MODULECODE, SESSIONDAY,
					SESSIONTIME, ROOM, DURATION)
  VALUES ('2', '5CC518', 'Mon', '09:00:00', 'B203', '60');
INSERT INTO SESSIONS (SESSIONTYPE, MODULECODE, SESSIONDAY,
					SESSIONTIME, ROOM, DURATION)
  VALUES ('2', '5CC518', 'Mon', '11:00:00', 'B212', '60');
INSERT INTO SESSIONS (SESSIONTYPE, MODULECODE, SESSIONDAY,
					SESSIONTIME, ROOM, DURATION)
  VALUES ('2', '5CC518', 'Mon', '13:00:00', 'B203', '60');
INSERT INTO SESSIONS (SESSIONTYPE, MODULECODE, SESSIONDAY,
					SESSIONTIME, ROOM, DURATION)
  VALUES ('2', '5CC518', 'Tue', '10:00:00', 'B204a', '60');
INSERT INTO SESSIONS (SESSIONTYPE, MODULECODE, SESSIONDAY,
					SESSIONTIME, ROOM, DURATION)
  VALUES ('2', '5CC518', 'Tue', '11:00:00', 'B205', '60');
INSERT INTO SESSIONS (SESSIONTYPE, MODULECODE, SESSIONDAY,
					SESSIONTIME, ROOM, DURATION)
  VALUES ('2', '5CC518', 'Thu', '13:00:00', 'B212', '60');
INSERT INTO SESSIONS (SESSIONTYPE, MODULECODE, SESSIONDAY,
					SESSIONTIME, ROOM, DURATION)
  VALUES ('2', '5CC518', 'Fri', '10:00:00', 'N416', '60');
  
/*Insert Software Engineering Lecture and Tutorials*/
INSERT INTO SESSIONS (SESSIONTYPE, MODULECODE, SESSIONDAY,
					SESSIONTIME, ROOM, DURATION)
  VALUES ('1', '5CC516', 'Thu', '12:00:00', 'N110', '60');
INSERT INTO SESSIONS (SESSIONTYPE, MODULECODE, SESSIONDAY,
					SESSIONTIME, ROOM, DURATION)
  VALUES ('2', '5CC516', 'Wed', '11:00:00', 'B212', '60');
INSERT INTO SESSIONS (SESSIONTYPE, MODULECODE, SESSIONDAY,
					SESSIONTIME, ROOM, DURATION)
  VALUES ('2', '5CC516', 'Thu', '11:00:00', 'B202', '60');
 
/*Insert Programming I Lecture and tutorials*/
INSERT INTO SESSIONS (SESSIONTYPE, MODULECODE, SESSIONDAY,
					SESSIONTIME, ROOM, DURATION)
  VALUES ('1', '4CC510', 'Mon', '16:00:00', 'OL1', '60');
INSERT INTO SESSIONS (SESSIONTYPE, MODULECODE, SESSIONDAY,
					SESSIONTIME, ROOM, DURATION)
  VALUES ('2', '4CC510', 'Tue', '09:00:00', 'B204', '480');
INSERT INTO SESSIONS (SESSIONTYPE, MODULECODE, SESSIONDAY,
					SESSIONTIME, ROOM, DURATION)
  VALUES ('2', '4CC510', 'Tue', '09:00:00', 'B204a', '480');
  
/*Insert Programming II Lecture and tutorials*/
INSERT INTO SESSIONS (SESSIONTYPE, MODULECODE, SESSIONDAY,
					SESSIONTIME, ROOM, DURATION)
  VALUES ('1', '4CC511', 'Tue', '18:00:00', 'B301', '60');
INSERT INTO SESSIONS (SESSIONTYPE, MODULECODE, SESSIONDAY,
					SESSIONTIME, ROOM, DURATION)
  VALUES ('2', '4CC511', 'Mon', '09:00:00', 'B204', '60');
INSERT INTO SESSIONS (SESSIONTYPE, MODULECODE, SESSIONDAY,
					SESSIONTIME, ROOM, DURATION)
  VALUES ('2', '4CC511', 'Mon', '11:00:00', 'B204a', '60');
INSERT INTO SESSIONS (SESSIONTYPE, MODULECODE, SESSIONDAY,
					SESSIONTIME, ROOM, DURATION)
  VALUES ('2', '4CC511', 'Mon', '13:00:00', 'B203', '60');
INSERT INTO SESSIONS (SESSIONTYPE, MODULECODE, SESSIONDAY,
					SESSIONTIME, ROOM, DURATION)
  VALUES ('2', '4CC511', 'Tue', '10:00:00', 'B204a', '60');
INSERT INTO SESSIONS (SESSIONTYPE, MODULECODE, SESSIONDAY,
					SESSIONTIME, ROOM, DURATION)
  VALUES ('2', '4CC511', 'Tue', '11:00:00', 'B205', '60');
INSERT INTO SESSIONS (SESSIONTYPE, MODULECODE, SESSIONDAY,
					SESSIONTIME, ROOM, DURATION)
  VALUES ('2', '4CC511', 'Thu', '13:00:00', 'B212', '60');
  
INSERT INTO STUDENTS (STUDENTID, PASSWORD)
  VALUES ('123123456', 'xc8rxc8r');
INSERT INTO STUDENTS (STUDENTID, PASSWORD)
  VALUES ('121212121', 'spiderman');
  
INSERT INTO ASSESSMENTS (MODULECODE, ASSESSDESC, DUEDATE, DUETIME)
  VALUES ('5CC507', 'Milestone 1', '2017-10-05', '17:00:00');
INSERT INTO ASSESSMENTS (MODULECODE, ASSESSDESC, DUEDATE, DUETIME)
  VALUES ('5CC507', 'Milestone 2', '2017-11-05', '17:00:00');
INSERT INTO ASSESSMENTS (MODULECODE, ASSESSDESC, DUEDATE, DUETIME)
  VALUES ('5CC507', 'Project hand-in', '2017-12-11', '23:59:00');
INSERT INTO ASSESSMENTS (MODULECODE, ASSESSDESC, DUEDATE, DUETIME)
  VALUES ('5CC518', 'Performance Review', '2017-12-11', '23:59:00');
INSERT INTO ASSESSMENTS (MODULECODE, ASSESSDESC, DUEDATE, DUETIME)
  VALUES ('5CC516', 'Portfolio hand-in', '2017-12-11', '23:59:00');
INSERT INTO ASSESSMENTS (MODULECODE, ASSESSDESC, DUEDATE, DUETIME)
  VALUES ('4CC510', 'Portfolio hand-in', '2017-12-11', '17:00:00');
INSERT INTO ASSESSMENTS (MODULECODE, ASSESSDESC, DUEDATE, DUETIME)
  VALUES ('4CC511', 'Project hand-in', '2017-10-17', '23:59:00');
INSERT INTO ASSESSMENTS (MODULECODE, ASSESSDESC, DUEDATE, DUETIME)
  VALUES ('4CC511', 'Quiz', '2017-12-11', '12:00:00');
  
INSERT INTO ENROLMENT (MODULECODE, STUDENTNO, TUTORIALID)
  VALUES ('5CC507', '123123456', '4');
INSERT INTO ENROLMENT (MODULECODE, STUDENTNO, TUTORIALID)
  VALUES ('5CC518', '123123456', '9');
INSERT INTO ENROLMENT (MODULECODE, STUDENTNO, TUTORIALID)
  VALUES ('5CC516', '123123456', '18');
INSERT INTO ENROLMENT (MODULECODE, STUDENTNO, TUTORIALID)
  VALUES ('4CC510', '123123456', '20');
INSERT INTO ENROLMENT (MODULECODE, STUDENTNO, TUTORIALID)
  VALUES ('5CC518', '121212121', '14');
INSERT INTO ENROLMENT (MODULECODE, STUDENTNO, TUTORIALID)
  VALUES ('5CC516', '121212121', '18');
  
INSERT INTO SCHEDULE (STUDENTNO, EVENT, EVENTTIME, DURATION,EVENTDATE)
  VALUES ('123123456', 'Pub - Standing Order', '19:00:00', '240', '2017-10-23');
INSERT INTO SCHEDULE (STUDENTNO, EVENT, EVENTTIME, DURATION,EVENTDATE)
  VALUES ('123123456', 'Sunday Lunch', '12:00:00', '120', '2017-11-29');
INSERT INTO SCHEDULE (STUDENTNO, EVENT, EVENTTIME, DURATION,EVENTDATE)
  VALUES ('121212121', 'Gym', '12:00:00', '120', '2017-11-13');
INSERT INTO SCHEDULE (STUDENTNO, EVENT, EVENTTIME, DURATION,EVENTDATE)
  VALUES ('121212121', 'Team meeting', '13:00:00', '120', '2017-11-12');
  